﻿<?xml version="1.0" encoding="utf-8"?>
<scintillanet>
	<language name="mysql">
		<lexer lexername="sql" linecommentprefix="-- " streamcommentprefix="/* " streamcommentsuffix=" */" >
			<Properties>
				<Property name="fold.comment" value="1" />
			</Properties>
      
			<!--Keyword list 0 MySQL 6.0 Keywords (Style WORD) -->
			<keywords List="0">
        accessible action add after against aggregate all algorithm alter analyze and any as asc
        ascii asensitive at authors auto_increment autoextend_size avg avg_row_length backup before
        begin between bigint binary binlog bit blob bool boolean both btree by byte cache call cascade 
        cascaded case chain change changed char character charset check checksum cipher client close 
        coalesce code collate collation column columns comment commit committed compact completion
        compressed concurrent condition connection consistent constraint contains continue contributors 
        convert create cross cube current_date current_time current_timestamp current_user cursor data 
        database databases datafile date datetime day day_hour day_microsecond day_minute day_second
        deallocate dec decimal declare default definer delayed delay_key_write delete desc describe
        des_key_file deterministic directory disable discard disk distinct distinctrow div do double
        drop dual dumpfile duplicate dynamic each else elseif enable enclosed end ends engine engines
        enum errors escape escaped event events every execute exists exit expansion explain extended
        extent_size false fast fetch fields file first fixed float float4 float8 flush for force foreign
        found frac_second from full fulltext function geometry geometrycollection get_format global grant
        grants group handler hash having help high_priority host hosts hour hour_microsecond hour_minute
        hour_second identified if ignore import in index indexes infile initial_size inner innobase
        innodb inout insensitive insert insert_method install int int1 int2 int3 int4 int8 integer
        interval into io_thread is isolation issuer iterate invoker join key keys key_block_size kill
        language last leading leave leaves left less level like limit linear lines linestring list load
        local localtime localtimestamp lock locks logfile logs long longblob longtext loop low_priority
        master master_connect_retry master_host master_log_file master_log_pos master_password master_port
        master_server_id master_ssl master_ssl_ca master_ssl_capath master_ssl_cert master_ssl_cipher
        master_ssl_key master_ssl_verify_server_cert master_user match max_connections_per_hour
        max_queries_per_hour max_rows max_size max_updates_per_hour max_user_connections maxvalue medium
        mediumblob mediumint mediumtext memory merge microsecond middleint migrate minute minute_microsecond
        minute_second min_rows mod mode modifies modify month multilinestring multipoint multipolygon mutex
        name names national natural ndb ndbcluster nchar new next no no_wait nodegroup none not
        no_write_to_binlog null numeric nvarchar offset old_password on one one_shot open optimize options
        option optionally or order out outer outfile owner pack_keys parser partial partition partitioning
        partitions password phase plugin plugins point polygon port precision prepare preserve prev primary
        privileges procedure process processlist purge quarter query quick range read read_only read_write
        reads real rebuild recover redo_buffer_size redofile redundant references regexp relay_log_file
        relay_log_pos relay_thread release reload remove rename reorganize repair repeatable replace
        replication repeat require reset restore restrict resume return returns revoke right rlike
        rollback rollup routine row rows row_format rtree savepoint schedule schema schemas second
        second_microsecond security select sensitive separator serial serializable session server set
        share show shutdown signed simple slave snapshot smallint socket some soname sounds spatial
        specific sql sqlexception sqlstate sqlwarning sql_big_result sql_buffer_result sql_cache
        sql_calc_found_rows sql_no_cache sql_small_result sql_thread sql_tsi_frac_second
        sql_tsi_second sql_tsi_minute sql_tsi_hour sql_tsi_day sql_tsi_week sql_tsi_month sql_tsi_quarter
        sql_tsi_year ssl start starting starts status stop storage straight_join string subject
        subpartition subpartitions super suspend table tables tablespace temporary temptable terminated
        text than then time timestamp timestampadd timestampdiff tinyblob tinyint tinytext to trailing
        transaction trigger triggers true truncate type types uncommitted undefined undo_buffer_size
        undofile undo unicode union unique unknown unlock uninstall unsigned until update upgrade usage
        use user user_resources use_frm using utc_date utc_time utc_timestamp value values varbinary
        varchar varcharacter variables varying wait warnings week when where while view with work wrapper
        write x509 xor xa year year_month zerofill
      </keywords>

      <!--Keyword list 1 MySQL SPs (Style WORD2) -->
      <keywords List="1">
        begin end delimiter proc comment || &amp;&amp; &lt; &lt;= &lt;> != = > >= &lt;&lt; >> &lt;=>
      </keywords>

      <!--Keyword list 2 MySQL Types (Style WORD3) -->
      <keywords list="2">
        smallint bigint decimal numeric real double serial bigserial character char
        text timestamp interval date time boolean point line box path polygon circle
        bit bitvar array internal long longblob longtext mediumblob mediumint mediumtext middleint
        tinyblob tinyint tinytext
        trigger void opaque refcursor binary blob int int1 int2 int3 int4 int8 integer float float4 float8
        varbinary varchar varcharacter
      </keywords>

    </lexer>
		<styles inherit="true">

			<!--Keyword list 0 -->
      <style name="WORD"	forecolor="#007F00" bold="true" fontname="Andale Mono" />

      <!--Keyword list 1 -->
			<style name="WORD2"	forecolor="teal" bold="true" fontname="Andale Mono" />

      <!--Keyword list 2 -->
      <style name="WORD3"	forecolor="red" bold="true" fontname="Andale Mono" />

      <style name="default"	forecolor="black" fontname="Andale Mono" />
      
			<!--Comments,operators etc  -->
			<style name="QUOTEDIDENTIFIER"	forecolor="#274A6D" />
			<style name="STRING"	forecolor="#FFAA3E" />
			<style name="OPERATOR"	forecolor="#DB7B01" bold="true"/>
			<style name="NUMBER"	forecolor="#007F00" />
			<style name="COMMENTLINE"	forecolor="#097BF7" />
			<style name="COMMENTDOC"	forecolor="gray" />
			<style name="COMMENT"	forecolor="#097BF7" />

		</styles>
	</language>
</scintillanet>

